닉네임,직업,레벨,최근 접속 일수,무릉층수,무릉시간
산퀸,데몬슬레이어,263,1,50,13분 36초
몬스터너무쌤,나이트로드,263,1,52,14분 17초
머무는난,비숍,256,1,49,13분 34초
루지숍,비숍,255,1,48,14분 51초
예언,루미너스,253,7,23,37분 35초
전탄님,메카닉,251,1,55,14분 8초
안닿음,듀얼블레이더,250,1,50,14분 40초
그나갓,듀얼블레이더,249,1,52,14분 22초
로루므,섀도어,247,1,48,14분 40초
나의꼬마법사,비숍,246,1,48,14분 51초
척척박사윤,팬텀,245,1,48,13분 14초
떠비나로,나이트로드,240,1,52,14분 56초
수키듀블,듀얼블레이더,220,1,41,52분 17초
입롤터는상현,제로,268,1,52,14분 36초
에루로스,윈드브레이커,261,58,52,14분 8초
히키5,데몬어벤져,261,1,51,14분 17초
쫑범,아크메이지(썬콜),261,1,51,14분 41초
토켜,나이트로드,260,1,-,-
새비전,팔라딘,257,10,48,14분 39초
등업,섀도어,257,4,46,13분 21초
부나야,은월,255,1,53,13분 55초
몰랑이세계,카데나,255,1,52,13분 38초
코이시,아크메이지(썬콜),255,1,49,12분 34초
류드그의의지,히어로,255,4,48,14분 27초
윤본좌,메르세데스,254,3,48,13분 47초
헝솜,제로,254,1,52,14분 20초
헨탭,듀얼블레이더,252,2,49,11분 38초
Love제클린,아란,252,1,49,12분 24초
지의,섀도어,252,1,49,12분 42초
각sugar,제로,252,1,47,13분 7초
에이츠,제로,251,1,49,12분 17초
RIDER,제논,251,1,-,-
Atresia,메르세데스,251,6,50,13분 44초
연하얀색,팬텀,251,1,48,13분 1초
총괄형,제로,251,1,48,13분 42초
유적나무,패스파인더,250,1,44,14분 6초
솜풍,아크,250,1,49,12분 36초
Noryuk,윈드브레이커,250,1,1,0분 18초
유리시계,제로,250,1,50,14분 36초
쑬양,윈드브레이커,249,1,48,13분 47초
움생,일리움,249,5,-,-
Lv개부족,캐논마스터,249,1,43,13분 35초
쥬멍,카이저,248,1,48,14분 25초
유미냐옹,패스파인더,248,1,47,13분 54초
병맛엠버,엔젤릭버스터,248,1,47,12분 13초
요샤,윈드브레이커,247,55,51,14분 5초
또뚜,패스파인더,247,34,48,13분 8초
제빵웅,제로,247,1,48,14분 35초
잘생긴,캐논마스터,246,37,53,14분 54초
토끼나라벤져,데몬어벤져,246,1,48,12분 55초
여름날물망초,비숍,245,1,45,13분 31초
병인님,아란,245,1,50,14분 29초
낸끝,스트라이커,245,4,48,12분 39초
석두림,제로,245,1,47,13분 42초
시력없는명철,소울마스터,245,1,46,12분 22초
란비엣,듀얼블레이더,244,4,49,11분 43초
카이락,키네시스,244,1,45,12분 49초
하준영,아란,244,2,46,12분 34초
청방권,아란,244,1,47,13분 2초
밍띠공주,아크메이지(썬콜),244,2,49,12분 53초
차원의선율,엔젤릭버스터,243,59,45,13분 2초
엔텀,엔젤릭버스터,243,54,38,8분 56초
핑크바비,아크메이지(썬콜),243,213,6,9분 20초
찬란하더라,아란,243,124,-,-
구로켓,다크나이트,243,1,45,12분 9초
오늘의사냥터,캐논마스터,243,1,43,13분 40초
Kissuki,듀얼블레이더,242,1,46,12분 57초
성학길들이기,에반,242,1,45,12분 43초
굽네라면,데몬어벤져,242,2,46,13분 29초
군퀸,아란,242,1,46,13분 53초
요거맞냐,패스파인더,241,1,46,14분 7초
Nightrods,나이트로드,241,1,43,13분 34초
법무장,다크나이트,241,1,44,14분 1초
예나기,메르세데스,241,1,49,14분 22초
아델빠잉,아델,241,1,45,13분 48초
널디보이동우,패스파인더,241,1,44,13분 7초
이쁜이페어,팬텀,241,1,48,13분 32초
생아님,아델,240,1,-,-
다크워리,다크나이트,240,1,43,12분 24초
SOFTWHITE,바이퍼,240,1,43,12분 50초
량포인,듀얼블레이더,240,45,47,14분 55초
YouHwanSeung,패스파인더,240,1,46,13분 51초
사출기미쵸,아델,240,1,49,14분 31초
수미펑펑,캐논마스터,240,1,43,12분 43초
맘마먹쟈아,윈드브레이커,240,1,46,12분 24초
Suru,메르세데스,240,213,-,-
29채널확장,은월,240,1,45,14분 2초
둥둥둥비숍,비숍,240,1,45,13분 20초
쿨션,메르세데스,240,1,46,14분 18초
크림빵별,듀얼블레이더,240,1,46,12분 23초
띔다,소울마스터,240,1,40,8분 9초
짱쉥이,호영,240,1,49,13분 37초
뿡잼니,아크,240,1,-,-
억지얍,바이퍼,239,1,45,14분 38초
뉴얼라,데몬슬레이어,239,2,47,14분 54초
별빛휘핑,배틀메이지,238,1,46,14분 53초
카영,카이저,237,1,46,13분 3초
퍼스타메카닉,메카닉,237,1,47,12분 23초
땅꾸꾸,바이퍼,237,1,41,46분 9초
다귀스,듀얼블레이더,237,1,47,13분 59초
소리최대국룰,엔젤릭버스터,237,1,45,13분 48초
양념통닭장사,데몬어벤져,237,17,41,12분 50초
포폘,윈드브레이커,236,15,43,12분 32초
키오림,아델,236,2,42,12분 52초
바이러스제거,플레임위자드,236,1,41,9분 55초
이방구,아크메이지(썬콜),236,1,45,13분 1초
칼룔,아델,236,2,48,13분 45초
이서팬,팬텀,236,5,47,12분 29초
링크첫번째찌,아란,236,1,48,13분 27초
미니오깅,아크메이지(썬콜),236,1,44,14분 35초
수호자유미,비숍,235,1,40,13분 25초
보름달은닉죄,은월,235,1,45,13분 52초
SimpleboyQ,아란,235,41,44,14분 1초
fpel,아란,235,32,42,13분 58초
소연서,카데나,235,1,45,13분 2초
릴카가최고야,아크,235,5,42,12분 41초
77디아루가73,메카닉,234,1,42,14분 5초
김태희접속중,아크메이지(썬콜),233,2,42,13분 12초
컨윈,윈드브레이커,233,1,-,-
Plomien,플레임위자드,233,1,45,14분 21초
맛난갑오징어,카이저,233,1,44,14분 10초
닷새해오름달,듀얼블레이더,233,1,46,13분 18초
이게아니어,키네시스,232,2,47,63분 5초
OiZet6,아크,232,1,43,14분 19초
성실노력끈기,바이퍼,231,1,38,11분 50초
이재한번줘라,섀도어,231,21,-,-
쥬렐루야,바이퍼,231,1,40,11분 40초
달코미아델,아델,231,1,46,14분 15초
경2민,엔젤릭버스터,230,1,43,12분 29초
번개폭퐁,팬텀,230,23,21,26분 43초
아억지,아델,230,1,42,12분 19초
불꽃루티,플레임위자드,228,1,42,12분 23초
크빵웅,아크,228,26,-,-
괴정동매직손,아크메이지(썬콜),228,1,38,10분 22초
절벽로으리,카이저,228,2,42,12분 17초
꼬마패리,패스파인더,228,1,41,12분 56초
상동루난,윈드브레이커,228,1,44,14분 53초
제논할즈아,제논,228,21,38,11분 34초
빠방펫,다크나이트,227,3,44,13분 47초
REMOSD,카데나,227,1,37,12분 46초
연화비,카이저,227,1,-,-
도찐개찐기,패스파인더,227,1,41,12분 12초
백아랑,에반,226,1,44,12분 41초
은귤양,은월,226,34,41,13분 23초
하드한남자,카데나,226,7,42,14분 3초
제논은기여워,제논,226,35,-,-
까이저대스네,카이저,226,1,43,13분 43초
남캐한다고,소울마스터,226,3,43,12분 29초
꼬마의발닦개,비숍,225,1,41,11분 40초
암막우산,엔젤릭버스터,225,78,42,14분 38초
매력포탠원영,아크메이지(썬콜),225,1,32,13분 3초
아빠크리남,아크,225,1,33,13분 56초
푸른우지,아델,225,1,29,5분 34초
루니루미1,비숍,225,112,12,19분 30초
위그아스터,팔라딘,225,1,-,-
린버탬탬,아크메이지(불독),225,1,-,-
I망울멍I,섀도어,225,35,44,13분 28초
양장빈,은월,223,12,40,14분 26초
굽도이,듀얼블레이더,223,2,-,-
활력색,캐논마스터,222,2,45,14분 29초
초르몽,나이트로드,222,4,-,-
이지은박효신,아델,222,1,-,-
대점례,아델,221,2,21,25분 50초
Finder하코,패스파인더,220,1,33,13분 37초
니아는진리,에반,220,48,-,-
알리기예리,듀얼블레이더,220,1,19,5분 49초
양호승빈,데몬슬레이어,220,92,38,13분 11초
레미푸라,비숍,220,53,10,10분 40초
방지라,아크메이지(썬콜),218,22,-,-
썬콜할만두,아크메이지(불독),218,1,45,13분 51초
퓨믐달,듀얼블레이더,217,206,-,-
수로불참,카이저,217,5,-,-
오라오라싸개,배틀메이지,216,5,-,-
옐로우피시,아크,216,1,-,-
대선홀릭,다크나이트,215,104,29,10분 33초
하늘음표,바이퍼,214,5,19,2분 1초
o서리늑대o,은월,214,1,-,-
앙팔라띠a,팔라딘,214,1,-,-
찬두두둥,아란,213,38,-,-
자석펫최고요,비숍,213,2,-,-
부앙을부앙떠,소울마스터,213,55,29,7분 14초
오늘의220,패스파인더,213,1,-,-
딸딸아딸,캐논마스터,212,1,-,-
주먹이안닿음,은월,212,1,-,-
소형견허숙희,엔젤릭버스터,211,58,3,5분 7초
박또룽,팔라딘,211,1,-,-
띠웅푸,엔젤릭버스터,210,1,-,-
쥠댑,엔젤릭버스터,210,1,-,-
옆집음대생,아크,209,2,-,-
듀블수키,듀얼블레이더,209,2,-,-
스펙업카드,캐논마스터,206,14,-,-
애시아,팬텀,204,2,-,-
Lenf,나이트로드,203,105,-,-
핏자욜로,아크,202,14,-,-
해오름달베메,배틀메이지,200,14,-,-
하매무적용임,배틀메이지,200,2,-,-
가나인오취리,캐논마스터,196,2,-,-
